Cluster_k4,ID,Genero,Casado,Edad,Graduado,Profesion,Experiencia laboral,Gastoscore,Family_Size,Generacion,Ingresos anuales brutos,Provincia,Digital_encuesta,Gasto_medio_mensual_cuota,Abandono,Dias_cliente,Cluster_k5
0,0.4958231368805177,0.5484234234234234,0.6051051051051051,0.37658812658812657,0.6595345345345346,0.4120683183183183,0.2715840840840841,0.5471096096096096,0.22053303303303304,0.5998498498498499,0.23801930109152897,0.5082276153704725,0.2408849066457762,0.04469175057410351,0.37124624624624625,0.27294663084136767,1.7676426426426426
1,0.5056510956226623,0.5450202131569276,0.3337008452774715,0.1880954400248777,0.4314590224182286,0.4175395075339949,0.6639103270856302,0.5312385152517457,0.263965453877251,0.7706725468577729,0.13980535700065386,0.4993962303774872,0.7444553632775673,0.013641178632423197,0.34950385887541346,0.4097061838720285,1.6339581036383684
2,0.49575277313215604,0.5390041493775933,0.6095435684647303,0.36459729758484943,0.6473029045643154,0.4021265560165975,0.29004149377593363,0.5483402489626557,0.2203838174273859,0.6037344398340249,0.2790799398910102,0.5053518502836819,0.3466015695471766,0.053722235782279706,0.108298755186722,0.781361287035015,3.486721991701245
3,0.5019881597185455,0.5516439721022915,0.8030554633012288,0.48964906454112694,0.7469279309199601,0.3923115244104948,0.0450016605778811,0.5591165725672534,0.1814596479574892,0.40296689914757,0.7817222602689202,0.500355838117379,0.35902054784630266,0.22781174907691404,0.3384257721687147,0.45028695951103265,1.2148787778146795
