Cluster_k5,ID,Genero,Casado,Edad,Graduado,Profesion,Experiencia laboral,Gastoscore,Family_Size,Generacion,Ingresos anuales brutos,Provincia,Digital_encuesta,Gasto_medio_mensual_cuota,Abandono,Dias_cliente,Cluster_k4,PCA1,PCA2,Silhouette
0,0.5032075985901711,0.5439723320158103,0.7964426877470355,0.49519230769230765,0.7425889328063241,0.4006916996047431,0.039525691699604744,0.5558300395256917,0.18391798418972333,0.39476284584980237,0.7527167253386624,0.5058481890780027,0.35325281405739817,0.21861195070913736,0.3987154150197628,0.27921434019832186,2.6462450592885376,1.0334537247477082,-0.7420755931133913,0.2771696961754943
1,0.5034953954271016,0.5407537248028046,0.3496932515337423,0.1980718667835232,0.4360210341805434,0.42172436459246276,0.642418930762489,0.5297984224364592,0.26226993865030673,0.7643879637744668,0.14274353313962246,0.49469673934429154,0.7309592081697976,0.013739238026498941,0.39351446099912357,0.3203430355028676,0.9329535495179667,-1.3981949186562996,-0.46158190683319206,0.3709938160691667
2,0.49663005083911416,0.55125284738041,0.5960516324981018,0.36980413916632593,0.6666666666666666,0.40475512528473806,0.28283978739559607,0.5480258162490509,0.22261769172361429,0.6119969627942293,0.21461541665153983,0.5072133637053909,0.21064218744841695,0.03454821564160972,0.3773728170083523,0.33486792151220873,0.2782839787395596,0.16057788895167108,-0.6022928430534669,0.32991692114190874
3,0.5030825550936076,0.5556173526140156,0.8047830923248054,0.48628818345169844,0.7486095661846496,0.3838987764182425,0.04699666295884316,0.5614571746384872,0.182146829810901,0.4086021505376344,0.7125232021865221,0.5004313182447617,0.3324134303815834,0.20303605313092976,0.16740823136818686,0.7275793766953536,2.6657397107897665,1.1046009895566136,0.9569106801668098,0.23008331385841033
4,0.4946157350678504,0.5406189555125726,0.4738878143133462,0.2733906164757228,0.5512572533849129,0.41320116054158607,0.47823984526112184,0.5420696324951644,0.24111460348162475,0.7124435847840103,0.16691927253968658,0.5071250937512335,0.5068460390211084,0.020167254522698828,0.10638297872340426,0.7710119108215413,1.7229206963249517,-0.6334933623003767,1.1707953856468838,0.25367247223546086
